{
  "meta_title": "LD HOME ILUMINAÇÃO",
  "meta_description": "LD HOME ILUMINAÇÃO",
  "sections": [
    {
      "type": "banner-slider",
      "autoplay": 4000,
      "full_width": true,
      "slides": [
        {
          "start": "",
          "end": "",
          "img": "/img/uploads/1.png"
        },
        {
          "start": "",
          "end": "",
          "img": "/img/uploads/2.png"
        },
        {
          "start": "",
          "end": "",
          "img": "/img/uploads/3.png"
        }
      ]
    },
    {
      "type": "collection-shelf",
      "shuffle": true,
      "collection_id": null,
      "sort": "sales",
      "title": "",
      "headless": true,
      "limit": 12,
      "page": 1
    },
    {
      "type": "collection-shelf",
      "shuffle": true,
      "collection_id": null,
      "sort": "offers",
      "title": "",
      "headless": true,
      "limit": 12,
      "page": 1
    },
    {
      "type": "brands-carousel",
      "limit": 20,
      "offset": 0,
      "sort": "name",
      "autoplay": 5000
    },
    {
      "type": "collection-shelf",
      "shuffle": true,
      "limit": 24,
      "page": 1,
      "collection_id": "622252a17963422eee2dc792:categories:SPOT PARA TRILHO:/categoria/spot-para-trilho",
      "sort": "views",
      "title": "SPOT PARA TRILHO",
      "link": "spot-para-trilho"
    },
    {
      "type": "collection-shelf",
      "shuffle": true,
      "limit": 24,
      "page": 1,
      "collection_id": "61d877980c7c727225f86cf4:categories:PENDENTES LED:/categoria/pendentes-led",
      "sort": "views",
      "title": "PENDENTES LED",
      "link": "pendentes-led"
    },
    {
      "type": "collection-shelf",
      "shuffle": true,
      "limit": 15,
      "page": 1,
      "sort": "views",
      "collection_id": "61d48cfc0c7c727225f15e78:collections:LÂMPADAS LED:/l",
      "link": "https://ldhomeiluminacao.netlify.app/lampadas-led"
    },
    {
      "type": "banner-slider",
      "autoplay": 4000,
      "full_width": false,
      "slides": [
        {
          "start": "",
          "end": "",
          "img": "/img/uploads/dssddd.png",
          "mobile_img": "/img/uploads/dssddd.png"
        }
      ]
    },
    {
      "type": "banners-grid",
      "banners": [
        {
          "img": "/img/uploads/escritorio.png",
          "link": "escritorio"
        },
        {
          "img": "/img/uploads/banheiro.png",
          "link": "banheiro"
        },
        {
          "img": "/img/uploads/24085-dormitorio.jpg",
          "link": "dormitorio"
        },
        {
          "img": "/img/uploads/cozinho.png",
          "link": "cozinha"
        }
      ]
    },
    {
      "type": "banners-grid",
      "banners": [
        {
          "img": "/img/uploads/sala-de-estyar.png",
          "link": "iluminacao/saladeestar/sala/estar/"
        },
        {
          "img": "/img/uploads/sala-de-jantar.png",
          "link": "iluminacao/saladejantar/sala/jantar/casa"
        },
        {
          "img": "/img/uploads/area-externa.png",
          "link": "ilumincao/areaexternaa/externa/"
        },
        {
          "img": "/img/uploads/jardim.png",
          "link": "iluminacao/jardim/externo/paisagem/ldhomeiluminacao"
        }
      ]
    },
    {
      "type": "custom-content",
      "markdown": "### **C﻿ATÁLOGO LINHA TECNICA**"
    },
    {
      "type": "banners-grid",
      "banners": [
        {
          "img": "/img/uploads/opus.png",
          "link": "http://www.opusled.com.br/catalogo22.pdf"
        },
        {
          "img": "/img/uploads/catalogo-brilia.png",
          "link": "file:///C:/Users/Amanda/Downloads/1654259514855Cata%25CC%2581logo%25202022_06.22_V01_compressed.pdf"
        },
        {
          "img": "/img/uploads/seve-energy.png",
          "link": "https://save.com.br/uploads/informacoes_tecnicas_txt/1/Catalogo-Save-Energy-2022.pdf"
        }
      ]
    },
    {
      "type": "custom-content",
      "markdown": "### **C﻿ATÁLOGO LINHA DECORATIVA**"
    },
    {
      "type": "banners-grid",
      "banners": [
        {
          "img": "/img/uploads/usina-design.png",
          "link": "https://www.usinadesign.com.br/catalogos/CATALOGOUSINA-GERAL-2022-V2.pdf"
        },
        {
          "img": "/img/uploads/nordecor.png",
          "link": "https://nordecor.com.br/wordpress/wp-content/uploads/2022/03/Catalogo-Lancamento-Nordecor-2022_Online_compressed-novo.pdf"
        },
        {
          "img": "/img/uploads/old-artsan.png",
          "link": "https://www.ilustrers.com.br/catalogos/Catalogo%20OLD%20ARTISAN%202020%20-%20CONTEMPORANEO.pdf"
        }
      ]
    }
  ]
}